timestamp,product,category,event,tcode,client,terminal,result,source_ip,user,details
2025-01-15T08:00:00Z,sap,auth,LOGON,,100,TERM01,FAIL,192.168.1.10,FI_CLERK,Invalid password
2025-01-15T08:03:00Z,sap,auth,LOGON,,100,TERM01,FAIL,192.168.1.10,FI_CLERK,Invalid password
2025-01-15T08:05:00Z,sap,auth,LOGON,,100,TERM01,FAIL,192.168.1.10,FI_CLERK,Invalid password
2025-01-15T08:06:00Z,sap,auth,LOGON,,100,TERM01,FAIL,192.168.1.10,FI_CLERK,Invalid password
2025-01-15T08:10:00Z,sap,auth,LOGON,,100,TERM01,FAIL,192.168.1.10,FI_CLERK,Invalid password
2025-01-15T09:00:00Z,sap,admin,USER_MAINT,SU01,100,SAPGUI01,SUCCESS,10.0.5.3,BASISADM,Created user
2025-01-15T09:10:00Z,sap,admin,ROLE_CHANGE,PFCG,100,SAPGUI01,SUCCESS,10.0.5.3,BASISADM,Added role
2025-01-15T10:00:00Z,sap,net,RFC_CALL,SE37,100,BATCH01,SUCCESS,8.8.8.8,RFCUSER,Remote RFC from internet